{
  "input_csvs": {
    "exact_haar_d8": "/home/shc/QSD_project/WalshUCR/data/paper/fig_haar_d8_sweep/raw/exact_haar_d8_sweep_results.csv"
  },
  "row_count": 80,
  "m_values": [
    5,
    6,
    7,
    8,
    9,
    10,
    11,
    12
  ],
  "instance_ids": [
    0,
    1,
    2,
    3,
    4,
    5,
    6,
    7,
    8,
    9
  ],
  "models": {
    "full_ucr": {
      "label": "full-UCR",
      "column": "gap_abs_full"
    },
    "random_sparse_ucr": {
      "label": "RS-UCR",
      "column": "gap_abs_random_sparse"
    },
    "walsh_degree_1": {
      "label": "WD-1",
      "column": "gap_abs_walsh_deg1"
    }
  },
  "aggregated_by_m": [
    {
      "M": 5,
      "d": 8,
      "M_over_d": 0.625,
      "count": 10,
      "full_ucr": {
        "mean": 8.024737016776306e-07,
        "se": 2.0123010555931747e-07,
        "median": 7.851277656345523e-07,
        "q1": 4.548747267185682e-07,
        "q3": 1.2084116145782975e-06,
        "min": -1.9690197794464126e-07,
        "max": 1.7208214277975031e-06
      },
      "random_sparse_ucr": {
        "mean": 0.1047106887316916,
        "se": 0.04415903108443066,
        "median": 1.454016727464591e-06,
        "q1": 8.568246634699239e-07,
        "q3": 0.2460512513505565,
        "min": -1.9957223174049687e-07,
        "max": 0.3417724440053437
      },
      "walsh_degree_1": {
        "mean": 7.926076451503228e-07,
        "se": 2.0270444991358944e-07,
        "median": 7.807044212770897e-07,
        "q1": 4.5434905349139854e-07,
        "q3": 1.1989821651348098e-06,
        "min": -2.2975789215617937e-07,
        "max": 1.7140596155762466e-06
      }
    },
    {
      "M": 6,
      "d": 8,
      "M_over_d": 0.75,
      "count": 10,
      "full_ucr": {
        "mean": -1.0169507148605206e-07,
        "se": 1.2099825486062097e-07,
        "median": -6.800886720448318e-08,
        "q1": -2.913728134879001e-07,
        "q3": 5.747022704949423e-08,
        "min": -6.86328568422212e-07,
        "max": 7.344797668951131e-07
      },
      "random_sparse_ucr": {
        "mean": 0.04996244050970927,
        "se": 0.016250993295154604,
        "median": 0.033481275088357465,
        "q1": -8.284689473336826e-08,
        "q3": 0.10545761739439014,
        "min": -6.89479221605005e-07,
        "max": 0.11631305924242985
      },
      "walsh_degree_1": {
        "mean": -1.0687364270234312e-07,
        "se": 1.2081727008614422e-07,
        "median": -7.227401338516515e-08,
        "q1": -2.981126981937976e-07,
        "q3": 4.886148693983294e-08,
        "min": -6.896593318650446e-07,
        "max": 7.304693452336863e-07
      }
    },
    {
      "M": 7,
      "d": 8,
      "M_over_d": 0.875,
      "count": 10,
      "full_ucr": {
        "mean": 8.823666376667205e-07,
        "se": 4.790018491182161e-07,
        "median": 5.150867528613823e-07,
        "q1": 7.723305561757599e-08,
        "q3": 7.321036799845526e-07,
        "min": -8.782419274044884e-07,
        "max": 4.441057534831927e-06
      },
      "random_sparse_ucr": {
        "mean": 0.04466380581251676,
        "se": 0.019083127337052336,
        "median": 2.5879473833922972e-06,
        "q1": 6.482839455812517e-07,
        "q3": 0.08439701879676875,
        "min": -3.4517076763496135e-07,
        "max": 0.18054832017476952
      },
      "walsh_degree_1": {
        "mean": 8.751486069158432e-07,
        "se": 4.793974138274013e-07,
        "median": 5.071851338356304e-07,
        "q1": 7.456059525345893e-08,
        "q3": 7.265547874168998e-07,
        "min": -8.909053413885815e-07,
        "max": 4.435514937894958e-06
      }
    },
    {
      "M": 8,
      "d": 8,
      "M_over_d": 1.0,
      "count": 10,
      "full_ucr": {
        "mean": -1.1406165412175539e-08,
        "se": 1.0090688109053739e-07,
        "median": 4.8832744292681696e-08,
        "q1": -2.1254086440825048e-07,
        "q3": 1.8173933213905258e-07,
        "min": -5.156119560201233e-07,
        "max": 5.435478374060665e-07
      },
      "random_sparse_ucr": {
        "mean": 0.0464123404245773,
        "se": 0.011997317096721779,
        "median": 0.05007366914997269,
        "q1": 0.008105096261163597,
        "q3": 0.060955226263086304,
        "min": -2.5136463199793013e-07,
        "max": 0.11606307067657984
      },
      "walsh_degree_1": {
        "mean": -2.0507963593985324e-08,
        "se": 9.85568262033528e-08,
        "median": 4.781916129736885e-08,
        "q1": -2.256770104125394e-07,
        "q3": 1.7162907434142838e-07,
        "min": -5.162340862563397e-07,
        "max": 4.998097641317756e-07
      }
    },
    {
      "M": 9,
      "d": 8,
      "M_over_d": 1.125,
      "count": 10,
      "full_ucr": {
        "mean": -5.228957807301704e-07,
        "se": 2.9139073707918354e-07,
        "median": -7.11888560656071e-07,
        "q1": -1.0568029364110831e-06,
        "q3": 2.613655892269584e-07,
        "min": -2.0076337425845026e-06,
        "max": 9.657181052613595e-07
      },
      "random_sparse_ucr": {
        "mean": 0.11605608864248844,
        "se": 0.014024815854618757,
        "median": 0.10837131866538668,
        "q1": 0.07623027326594625,
        "q3": 0.14226388599303114,
        "min": 0.06681179554567973,
        "max": 0.1930555011255598
      },
      "walsh_degree_1": {
        "mean": 0.02941820451549453,
        "se": 0.003754261444922266,
        "median": 0.02720539074993006,
        "q1": 0.022421750633477566,
        "q3": 0.032900027616311306,
        "min": 0.010480014148122163,
        "max": 0.054985318913098435
      }
    },
    {
      "M": 10,
      "d": 8,
      "M_over_d": 1.25,
      "count": 10,
      "full_ucr": {
        "mean": 1.2330387672121468e-06,
        "se": 5.176596531242262e-07,
        "median": 2.552280689016584e-07,
        "q1": 1.876182309790142e-07,
        "q3": 1.557541226993031e-06,
        "min": -2.226650943626396e-07,
        "max": 4.750383447604811e-06
      },
      "random_sparse_ucr": {
        "mean": 0.0888862507048285,
        "se": 0.011340420512701977,
        "median": 0.08857942529688023,
        "q1": 0.06764417274451082,
        "q3": 0.1104841383377537,
        "min": 0.025566852954225228,
        "max": 0.15886494023864406
      },
      "walsh_degree_1": {
        "mean": 0.03597665271593331,
        "se": 0.003403571816603995,
        "median": 0.035766926292514156,
        "q1": 0.027545937577376473,
        "q3": 0.04452694876470434,
        "min": 0.020854719375761777,
        "max": 0.0550690291374597
      }
    },
    {
      "M": 11,
      "d": 8,
      "M_over_d": 1.375,
      "count": 10,
      "full_ucr": {
        "mean": -7.810853029810438e-07,
        "se": 8.870906185142222e-07,
        "median": -2.1920955223242444e-07,
        "q1": -2.07742058047633e-06,
        "q3": 1.0075229760209137e-06,
        "min": -7.510505069641127e-06,
        "max": 2.8732170911371924e-06
      },
      "random_sparse_ucr": {
        "mean": 0.08331403702497378,
        "se": 0.01817546612571376,
        "median": 0.06219153904607261,
        "q1": 0.04189601030908424,
        "q3": 0.12580779343844017,
        "min": 0.017350925549183494,
        "max": 0.20518950268321123
      },
      "walsh_degree_1": {
        "mean": 0.026445007992419257,
        "se": 0.0019699729784229433,
        "median": 0.02687793383432574,
        "q1": 0.02344380559386469,
        "q3": 0.029451414444771895,
        "min": 0.014330244485302734,
        "max": 0.037490075121981326
      }
    },
    {
      "M": 12,
      "d": 8,
      "M_over_d": 1.5,
      "count": 10,
      "full_ucr": {
        "mean": 1.019704340643468e-06,
        "se": 5.750145079686088e-07,
        "median": 1.0951446397511333e-06,
        "q1": -7.792751791080299e-07,
        "q3": 2.593589941590757e-06,
        "min": -1.2067184392838826e-06,
        "max": 3.7275944385628534e-06
      },
      "random_sparse_ucr": {
        "mean": 0.0840885855456597,
        "se": 0.020672497875571065,